Run ID,Sample ID,Contig,Position,ID,Ref Allele,Alt Allele,Quality,Filter,Info,Format,Sample
UKB-04262024-1004929,1004929_1004929,chrchr1,43312184,.,C,"T,<*>",42,PASS,.,GT:GQ:DP:AD:VAF:PL,"0/1:41:52:27,25,0:0.480769,0:41,0,48,990,990,990"
UKB-04262024-1004929,1004929_1004929,chrchr1,229645997,.,T,"C,<*>",42.5,PASS,.,GT:GQ:DP:AD:VAF:PL,"0/1:42:20:11,9,0:0.45,0:42,0,52,990,990,990"
UKB-04262024-1004929,1004929_1004929,chrchr10,6114155,.,T,"C,<*>",46.8,PASS,.,GT:GQ:DP:AD:VAF:PL,"1/1:32:18:0,18,0:1,0:46,32,0,990,990,990"
UKB-04262024-1004929,1004929_1004929,chrchr11,47343211,.,A,"G,<*>",44.2,PASS,.,GT:GQ:DP:AD:VAF:PL,"1/1:36:75:0,75,0:1,0:44,36,0,990,990,990"
UKB-04262024-1004929,1004929_1004929,chrchr11,65626851,.,A,"G,<*>",46.4,PASS,.,GT:GQ:DP:AD:VAF:PL,"1/1:37:51:0,50,0:0.980392,0:46,37,0,990,990,990"
UKB-04262024-1004929,1004929_1004929,chrchr11,117181353,.,GTCTCT,"G,<*>",44.6,PASS,.,GT:GQ:DP:AD:VAF:PL,"1/1:39:42:0,42,0:1,0:44,39,0,990,990,990"
UKB-04262024-1004929,1004929_1004929,chrchr2,86771536,.,CT,"C,<*>",4.1,PASS,.,GT:GQ:DP:AD:VAF:PL,"0/1:4:44:14,21,0:0.477273,0:1,0,32,990,990,990"
UKB-04262024-1004929,1004929_1004929,chrchr2,179443152,.,TG,"T,<*>",47.5,PASS,.,GT:GQ:DP:AD:VAF:PL,"0/1:45:18:7,11,0:0.611111,0:47,0,48,990,990,990"
UKB-04262024-1004929,1004929_1004929,chrchr2,196897100,.,T,"C,<*>",45,PASS,.,GT:GQ:DP:AD:VAF:PL,"0/1:43:12:5,7,0:0.583333,0:44,0,48,990,990,990"
UKB-04262024-1004929,1004929_1004929,chrchr2,240878862,.,C,"A,<*>",48.5,PASS,.,GT:GQ:DP:AD:VAF:PL,"1/1:34:25:0,25,0:1,0:48,34,0,990,990,990"
UKB-04262024-1004929,1004929_1004929,chrchr22,43928850,.,C,"T,<*>",49.5,PASS,.,GT:GQ:DP:AD:VAF:PL,"0/1:49:49:27,22,0:0.44898,0:49,0,58,990,990,990"
UKB-04262024-1004929,1004929_1004929,chrchr4,114623558,.,A,"G,<*>",39.7,PASS,.,GT:GQ:DP:AD:VAF:PL,"1/1:31:73:0,73,0:1,0:39,31,0,990,990,990"
UKB-04262024-1004929,1004929_1004929,chrchr6,70166084,.,T,"G,<*>",41.7,PASS,.,GT:GQ:DP:AD:VAF:PL,"1/1:25:9:0,9,0:1,0:41,24,0,990,990,990"
UKB-04262024-1004929,1004929_1004929,chrchr8,11808942,.,C,"T,<*>",41.4,PASS,.,GT:GQ:DP:AD:VAF:PL,"1/1:31:43:0,43,0:1,0:41,31,0,990,990,990"
UKB-04262024-1004929,1004929_1004929,chrchr8,19962025,.,T,"G,<*>",39.3,PASS,.,GT:GQ:DP:AD:VAF:PL,"0/1:36:5:1,4,0:0.8,0:39,0,39,990,990,990"
UKB-04262024-1004929,1004929_1004929,chrchr8,140450963,.,G,"A,<*>",41.4,PASS,.,GT:GQ:DP:AD:VAF:PL,"0/1:39:76:41,34,0:0.447368,0:41,0,43,990,990,990"
UKB-04262024-1004929,1004929_1004929,chrchr8,144466532,.,G,"C,<*>",39.9,PASS,.,GT:GQ:DP:AD:VAF:PL,"0/1:40:19:9,10,0:0.526316,0:39,0,55,990,990,990"
UKB-04262024-1004929,1004929_1004929,chrchr9,98244161,.,T,"C,<*>",37.2,PASS,.,GT:GQ:DP:AD:VAF:PL,"1/1:34:36:0,36,0:1,0:37,37,0,990,990,990"
